KOPR;NOKOPR;FMPR;KOBO;STFI1
INASA001     ;PAPEL CORDON TORCIDO WHITE FSC MIX CREDIT         ;INS ;643;400.000
INASA001     ;PAPEL CORDON TORCIDO WHITE FSC MIX CREDIT         ;INS ;644;1.800.000
INASA001     ;PAPEL CORDON TORCIDO WHITE FSC MIX CREDIT         ;INS ;LYA;157.900
INASA002     ;PAPEL CORDON TORCIDO BROWN FSC MIX CREDIT         ;INS ;LYA;1.299.143
INASA002     ;PAPEL CORDON TORCIDO BROWN FSC MIX CREDIT         ;INS ;644;6.200.000
INASA002     ;PAPEL CORDON TORCIDO BROWN FSC MIX CREDIT         ;INS ;643;11.600.000
INASA002     ;PAPEL CORDON TORCIDO BROWN FSC MIX CREDIT         ;INS ;640;3.434.000
INASA003     ;PAPEL CORDON TORCIDO BLACK FSC MIX CREDIT         ;INS ;640;3.200.000
INASA003     ;PAPEL CORDON TORCIDO BLACK FSC MIX CREDIT         ;INS ;644;2.000.000
INASA003     ;PAPEL CORDON TORCIDO BLACK FSC MIX CREDIT         ;INS ;LYA;405.050
INASA005     ;PAPEL CORDON TORCIDO RED FSC MIX CREDIT           ;INS ;LYA;311.970
INASA005     ;PAPEL CORDON TORCIDO RED FSC MIX CREDIT           ;INS ;640;987.500
INASA006     ;PAPEL CORDON TORCIDO YELLOW FSC MIX CREDIT        ;INS ;640;800.000
INASA006     ;PAPEL CORDON TORCIDO YELLOW FSC MIX CREDIT        ;INS ;LYA;200.000
INASA007     ;PAPEL CORDON TORCIDO BLUE 285C FSC MIX CREDIT     ;INS ;LYA;304.125
INASA007     ;PAPEL CORDON TORCIDO BLUE 285C FSC MIX CREDIT     ;INS ;644;1.822.000
INASA007     ;PAPEL CORDON TORCIDO BLUE 285C FSC MIX CREDIT     ;INS ;643;2.599.200
INCABOL010   ;CAJA S/IMPRESION P/BOLSA 410X290X250 C14 VIRGEN   ;INS ;LYA;1.232
INCART025050 ;CONO CARTON 25 X 50                               ;INS ;LYA;500
INCART033PK  ;BUJE CARTON 33 X 50 X 4 MM                        ;INS ;LYA;200
INCART044013 ;CONO CARTON 44 X 13 LEIZA                         ;INS ;LYA;309.400
INCART050013 ;CONO CARTON 50 X 13 LEIZA                         ;INS ;LYA;42.700
INCART050076 ;CONO CARTON 50 X 76 X 5                           ;INS ;LYA;938
INCART055025 ;CONO CARTON 55 X 25 LEIZA                         ;INS ;640;49.316
INCART056013 ;CONO CARTON 56 X 13 LEIZA                         ;INS ;640;6.372.000
INCART056013 ;CONO CARTON 56 X 13 LEIZA                         ;INS ;643;2.070.000
INCART056013 ;CONO CARTON 56 X 13 LEIZA                         ;INS ;644;1.789.200
INCART056013 ;CONO CARTON 56 X 13 LEIZA                         ;INS ;LYA;177.782
INCART057025 ;CONO CARTON 57 X 25 LEIZA                         ;INS ;LYA;19.316
INCART057040 ;CONO CARTON 57 X 40                               ;INS ;LYA;12.560
INCART057070 ;CONO CARTON 57 X 70 X 6                           ;INS ;LYA;3.960
INCART060013 ;CONO CARTON 60 X 13 LEIZA                         ;INS ;LYA;40.038
INCART060040 ;CONO CARTON 60 X 40                               ;INS ;LYA;2.588
INCART060040 ;CONO CARTON 60 X 40                               ;INS ;643;7.950
INCART060050A;CONO CARTON 60 X 50                               ;INS ;LYA;1.000
INCART06025  ;CONO CARTON 60 X 25,4 X 3                         ;INS ;LYA;568
INCART06302  ;CONO CARTON 63 X 25                               ;INS ;LYA;520
INCART065025 ;CONO CARTON 65 X 25                               ;INS ;LYA;1.050
INCART065050 ;CONO CARTON 65 X 50                               ;INS ;LYA;1.000
INCART069013 ;CONO CARTON 69 X 13 LEIZA                         ;INS ;LYA;93.900
INCART070050 ;CONO CARTON 70 X 50                               ;INS ;LYA;6.985
INCART075013 ;CONO CARTON 75 X 13                               ;INS ;LYA;70.172
INCART075038 ;CONO CARTON 75 X 38                               ;INS ;LYA;2.916
INCART079013 ;CONO CARTON 79.5 X 13 LEIZA                       ;INS ;LYA;512.000
INCART079013 ;CONO CARTON 79.5 X 13 LEIZA                       ;INS ;643;226.800
INCART079013 ;CONO CARTON 79.5 X 13 LEIZA                       ;INS ;640;16.200
INCART079013A;CONO CARTON 79 X 13 TECNIPAPEL                    ;INS ;LYA;263.131
INCART079013C;CONO CARTON 79 X 13                               ;INS ;LYA;310.410
INCART079013C;CONO CARTON 79 X 13                               ;INS ;640;1.458.000
INCART079013C;CONO CARTON 79 X 13                               ;INS ;643;39.000
INCART079013C;CONO CARTON 79 X 13                               ;INS ;644;2.151.900
INCART079017 ;CONO CARTON 79 X 17.5 LEIZA                       ;INS ;640;50.600
INCART079017 ;CONO CARTON 79 X 17.5 LEIZA                       ;INS ;LYA;47.856
INCART079025 ;CONO CARTON 79 X 25 LEIZA                         ;INS ;LYA;47.661
INCART0795017;CONO CARTON 79.5 X 17.5 LEIZA                     ;INS ;LYA;14.780
INCART08025  ;CONO CARTON 80 X 25 LEIZA                         ;INS ;LYA;25.524
INCART08025  ;CONO CARTON 80 X 25 LEIZA                         ;INS ;640;25.200
INCART082013 ;CONO CARTON 82 X 13                               ;INS ;LYA;202.200
INCART082025 ;CONO CARTON 82 X 25 LEIZA                         ;INS ;LYA;19.288
INCART082038 ;CONO CARTON 82 X 38 X 50 LEIZA                    ;INS ;LYA;1.644
INCART082038 ;CONO CARTON 82 X 38 X 50 LEIZA                    ;INS ;643;11.664
INCART082038C;CONO CARTON 82 X 38 X 50 (TECNOPAC)               ;INS ;LYA;4.320
INCART082050 ;CONO CARTON 82 X 50 X 3                           ;INS ;LYA;3.800
INCART082076 ;CONO CARTON 82 X 76                               ;INS ;LYA;1.656
INCART082JQ  ;CONO CARTON 82 X 32 X 44                          ;INS ;LYA;13.537
INCART082JQ  ;CONO CARTON 82 X 32 X 44                          ;INS ;644;2.835
INCART089076 ;CONO CARTON 89 X 76 X 3                           ;INS ;LYA;75
INCART102020 ;CONO CARTON 102 X 20 X 3                          ;INS ;640;59.500
INCART10520  ;CONO CARTON 105 X 20 X 24 LEIZA                   ;INS ;640;30.000
INCART10520  ;CONO CARTON 105 X 20 X 24 LEIZA                   ;INS ;LYA;46.940
INCART106050 ;"CONO CARTON 1067 X 51 X 3 (2"")                    ";INS ;LYA;77
INCART110013 ;CONO CARTON 110 X 13                              ;INS ;LYA;35.442
INCART110013 ;CONO CARTON 110 X 13                              ;INS ;644;40.100
INCART110020 ;CONO CARTON 110 X 20 X 24 LEIZA                   ;INS ;643;51.300
INCART110020 ;CONO CARTON 110 X 20 X 24 LEIZA                   ;INS ;640;57.000
INCART110020 ;CONO CARTON 110 X 20 X 24 LEIZA                   ;INS ;LYA;32.460
INCART110025B;CONO CARTON 110 X 25 LEIZA                        ;INS ;LYA;41.120
INCART11225  ;CONO CARTON 112 X 25 LEIZA                        ;INS ;LYA;5.323
INCART130076 ;CONO CARTON 130 X 76 X 3                          ;INS ;LYA;151
INCART195038 ;CONO CARTON 195 X 38 X 3                          ;INS ;LYA;561
INCART20050  ;CONO CARTON 200 X 40                              ;INS ;LYA;293
INCART210050 ;CONO CARTON 210 X 50                              ;INS ;LYA;14.591
INCART210050 ;CONO CARTON 210 X 50                              ;INS ;640;2.475
INCART210050 ;CONO CARTON 210 X 50                              ;INS ;643;2.475
INCART21013  ;CONO CARTON 210 X 13 X 16,5 LEIZA                 ;INS ;640;42.000
INCART21013  ;CONO CARTON 210 X 13 X 16,5 LEIZA                 ;INS ;LYA;43.800
INCART21017  ;CONO CARTON 210 X 17,5 LEIZA                      ;INS ;LYA;3.280
INCART215038 ;CONO CARTON 215 X 38 X 3                          ;INS ;LYA;760
INCART215050 ;CONO CARTON 215 X 50 X 3                          ;INS ;LYA;466
INCART215050 ;CONO CARTON 215 X 50 X 3                          ;INS ;643;4.950
INCART21513  ;CONO CARTON 215 X 13 X 16,5 LEIZA                 ;INS ;LYA;9.900
INCART395038 ;CONO CARTON 395 X 38 X 3                          ;INS ;LYA;1.031
INCART500038 ;CONO CARTON 500 X 38 X 3                          ;INS ;LYA;1.241
INCART610050 ;CONO CARTON 610 X 50 X 3                          ;INS ;LYA;54
INCART610076 ;CONO CARTON 610 X 76 X 3                          ;INS ;LYA;780
INCART914050 ;"CONO CARTON 914 X 50 X 3 (2"")                     ";INS ;LYA;907
INCART914050 ;"CONO CARTON 914 X 50 X 3 (2"")                     ";INS ;DES;60
INCART914076 ;CONO CARTON 914 X 76 X 3                          ;INS ;LYA;366
INCJAM06     ;CAJA S/IMP P/AMAZON 355X215X165 C.17 VIRGEN       ;INS ;LYA;182
INCJAM08     ;CAJA S/IMP P/AMAZON 215X215X170 C.17 VIRGEN       ;INS ;LYA;31
INCJAM08     ;CAJA S/IMP P/AMAZON 215X215X170 C.17 VIRGEN       ;INS ;640;750
INCJAP200    ;CAJA APSIC 3C 200X200X120 C22CA 737 CKA           ;INS ;LYA;236
INCJAP230    ;CAJA APSIC 3C 230X230X120 C22CA 737 CKA           ;INS ;LYA;352
INCJAP355    ;CAJA APSIC 3C 355X355X165 C22CA 737 CKA           ;INS ;LYA;358
INCJB007     ;CAJA S/IMPR P/BOLSA 600X460X250 XXL200  C14 VIRGEN;INS ;LYA;917
INCJB007     ;CAJA S/IMPR P/BOLSA 600X460X250 XXL200  C14 VIRGEN;INS ;644;9.509
INCJBOL001E  ;CAJA ENGATEL P/BOLSA 510X320X410 C12 REC (M/L250) ;INS ;643;2.536
INCJBOL001E  ;CAJA ENGATEL P/BOLSA 510X320X410 C12 REC (M/L250) ;INS ;640;975
INCJBOL001E  ;CAJA ENGATEL P/BOLSA 510X320X410 C12 REC (M/L250) ;INS ;LYA;415
INCJBOL001F  ;CAJA S/IMPR P/BOLSA 510X320X250 C14 VIRGEN M/L200 ;INS ;LYA;5.284
INCJBOL001F  ;CAJA S/IMPR P/BOLSA 510X320X250 C14 VIRGEN M/L200 ;INS ;640;1.600
INCJBOL001F  ;CAJA S/IMPR P/BOLSA 510X320X250 C14 VIRGEN M/L200 ;INS ;644;255
INCJBOL001G  ;CAJA S/IMPR P/BOLSA 510X320X350 C14 VIRGEN L200JP ;INS ;640;1.800
INCJBOL001G  ;CAJA S/IMPR P/BOLSA 510X320X350 C14 VIRGEN L200JP ;INS ;LYA;10.952
INCJBOL001V  ;CAJA S/IMPRESION P/BOLSA 510X320X470 C.12 VIRGEN  ;INS ;LYA;286
INCJBOL002   ;CAJA P/BOLSA 540X460X410 C.12 RECICLADO (S)       ;INS ;LYA;154
INCJBOL003   ;CAJA P/BOLSA 450X400X410 C.12 RECICLADO (X DEF)   ;INS ;LYA;555
INCJBOL0031  ;CAJA S/IMPR P/BOLSA 540X340X450 CARTON 975CKA     ;INS ;LYA;446
INCJBOL006   ;CAJA S/IMPR P/BOLSA 510X320X450 CARTON 975CKA.    ;INS ;LYA;100
INCJBOL008   ;CAJA S/IMPR P/BOLSA 495X350X410 C.12 RECICL       ;INS ;LYA;370
INCJBOL008   ;CAJA S/IMPR P/BOLSA 495X350X410 C.12 RECICL       ;INS ;640;1.607
INCJBOL008   ;CAJA S/IMPR P/BOLSA 495X350X410 C.12 RECICL       ;INS ;643;1.793
INCJBOL010   ;CAJA S/IMPR P/BOLSA 410X330X150 CARTON            ;INS ;LYA;691
INCJBOL020   ;CAJA S/IMPR P/BOLSA CAFE 440X340X450 CARTON 915CKA;INS ;LYA;781
INCJBOL021   ;CAJA S/IMPR P/BOLSA CAFE 415X415X450 CARTON 915CKA;INS ;LYA;715
INCJBOL022   ;CAJA S/IMPR P/BOLSA CAFE 510X320X390 CARTON 915CKA;INS ;LYA;171
INCJBOL023   ;CAJA S/IMPR P/BOLSA CAFE 500X360X390 CARTON 915CKA;INS ;LYA;504
INCJBOL024   ;CAJA S/IMPR P/BOLSA CAFE 500X360X370 CARTON 915CKA;INS ;LYA;92
INCJBOL024   ;CAJA S/IMPR P/BOLSA CAFE 500X360X370 CARTON 915CKA;INS ;643;1.725
INCJBOL024   ;CAJA S/IMPR P/BOLSA CAFE 500X360X370 CARTON 915CKA;INS ;640;500
INCJBOL025   ;CAJA IMP 1C GP BOL 10X6,75X12 CAFE 540X420X250 C30;INS ;LYA;322
INCJBOL026   ;CAJA IMP 1C GP BOL 14X10X15,75 CAFE 500X360X370C30;INS ;LYA;201
INCJBOL027   ;CAJA IMP 1C GP BOL 13X7X13 CAFE 450X350X460 C30   ;INS ;LYA;240
INCJBOL028   ;CAJA IMP 1C GP BOL 12X9X15,75 CAFE 500X360X370 C30;INS ;LYA;58
INCJBOL029   ;CAJA S/IMP P/BOLSA 540X420X200 C.14 VIRGEN C.VERDE;INS ;LYA;1.432
INCJBOL029   ;CAJA S/IMP P/BOLSA 540X420X200 C.14 VIRGEN C.VERDE;INS ;640;1.625
INCJBOL029   ;CAJA S/IMP P/BOLSA 540X420X200 C.14 VIRGEN C.VERDE;INS ;644;4.000
INCJBOL030   ;CAJA S/IMPR P/BOLSA CAFE 490X490X370 CARTON 915CKA;INS ;640;500
INCJBOL030   ;CAJA S/IMPR P/BOLSA CAFE 490X490X370 CARTON 915CKA;INS ;LYA;129
INCJBOL031   ;CAJA S/IMPR P/BOLSA CAFE 450X400X300 C 915CKA walm;INS ;644;350
INCJBOL032   ;CAJA S/IMPR P/BOLSA CAFE 510X310X370 CARTON 915CKA;INS ;640;1.155
INCJBOL033   ;CAJA S/IMPR P/BOLSA CAFE 540X335X460 CARTON 915CKA;INS ;643;470
INCJBOL034   ;CAJA S/IMPR P/BOLSA CAFE 520X310X460 CARTON 915CKA;INS ;644;1.100
INCJBOL035   ;CAJA S/IMPR P/BOLSA CAFE 430X310X370 CARTON 915CKA;INS ;644;1.080
INCJBOL036   ;CAJA S/IMPR P/BOLSA CAFE 500X360X300 CARTON 915CKA;INS ;644;1.500
INCJDIBL005  ;CAJA  DIMERC BLCA 290X250X135 C.12  ()            ;INS ;LYA;112
INCJDIBL29004;CAJA  DIMERC BLCA 290X250X180 C.12 ORIG/DUPL ()   ;INS ;LYA;957
INCJDIBL29005;CAJA  DIMERC BLCA 290X250X200 C.12 68GR ()        ;INS ;LYA;1.625
INCJENBL16001;CAJA*  S/IMPR  CAFÉ 160X160X170 C.12  () RECICL   ;INS ;643;3.600
INCJENBL19002;CAJA LOTERIA 190X190X145 CARTON BLCO 12M          ;INS ;643;2.250
INCJENBL19002;CAJA LOTERIA 190X190X145 CARTON BLCO 12M          ;INS ;LYA;625
INCJENCA29002;CAJA  ENGATEL CAFÉ 290X250X190 C.12  (248) RECICL ;INS ;LYA;1.017
INCJENCA37000;CAJA ENGATEL CAFE 370X295X243 CARTON VIRGEN (48B) ;INS ;LYA;39
INCJENCA37000;CAJA ENGATEL CAFE 370X295X243 CARTON VIRGEN (48B) ;INS ;644;4.117
INCJENCA3702 ;CAJA S/IMPR CAFE 370X290X170 C.12 RECICLADO       ;INS ;640;1.928
INCJENCA3702 ;CAJA S/IMPR CAFE 370X290X170 C.12 RECICLADO       ;INS ;LYA;701
INCJENCA39302;CAJA ENGATEL CAFE 393X315X245 CARTON VIRGEN (266B);INS ;640;141
INCJENCA588N ;CAJA ENGATEL CAFE 280X280X230 (588N) RECICLADO 12 ;INS ;DES;200
INCJITBL29003;CAJA  ITALFORM BLCA 290X250X135 C.12 GEN/TRIPL () ;INS ;644;1.085
INCJITBL29008;CAJA  ITALFORM 290X250X180 C.12 ORIG/DUPL ()      ;INS ;LYA;1.729
INCJNCA02001 ;CAJA S/IMP CAFE 200X120X120 C.12 adexus (20mts)   ;INS ;LYA;4.277
INCJNCA02001 ;CAJA S/IMP CAFE 200X120X120 C.12 adexus (20mts)   ;INS ;640;1.745
INCJNCA390200;CAJA S/IMPRESION 390X200X165 C.12 REC. P/LOTO     ;INS ;644;1.418
INCJNCA390200;CAJA S/IMPRESION 390X200X165 C.12 REC. P/LOTO     ;INS ;LYA;420
INCJNEBL0310 ;CAJA* NEUTRA 290X250X310 C14 BLANCO               ;INS ;LYA;8
INCJNEBL29002;CAJA  S/IMPR  BLCA 290X250X135 C.12  ()           ;INS ;LYA;463
INCJNEBL29002;CAJA  S/IMPR  BLCA 290X250X135 C.12  ()           ;INS ;640;1.527
INCJNEBL29003;CAJA S/IMPR BLCA 290X250X105 C.12                 ;INS ;640;3.123
INCJNEBL29003;CAJA S/IMPR BLCA 290X250X105 C.12                 ;INS ;LYA;391
INCJNEBL29006;CAJA  S/IMPR  BLCA 290X250X175 C.12  ()           ;INS ;LYA;38
INCJNEBL29017;CAJA  S/IMPR  BLCA 290X250X260 C.12  ()           ;INS ;LYA;553
INCJNECA0000 ;CAJA NEUTRA 290X290X165 C.VIRGEN CAFE             ;INS ;LYA;436
INCJNECA0000 ;CAJA NEUTRA 290X290X165 C.VIRGEN CAFE             ;INS ;640;2.950
INCJNECA00125;CAJA S/IMPR CAFÉ 390X390X125 C.14 () VIRGEN       ;INS ;LYA;29
INCJNECA00231;CAJA S/IMPR CAFÉ 370X370X230 C12 VIRGEN           ;INS ;LYA;589
INCJNECA00231;CAJA S/IMPR CAFÉ 370X370X230 C12 VIRGEN           ;INS ;640;1.353
INCJNECA0155 ;CAJA NEUTRA 330X330X155 C.VIRGEN CAFE(155)LEBOMAR ;INS ;640;1.320
INCJNECA0155 ;CAJA NEUTRA 330X330X155 C.VIRGEN CAFE(155)LEBOMAR ;INS ;LYA;69
INCJNECA0161 ;CAJA S/IMPR  CAFÉ 400X160X170 CARTON CAFÉ 12VIRGEN;INS ;LYA;1.472
INCJNECA0161 ;CAJA S/IMPR  CAFÉ 400X160X170 CARTON CAFÉ 12VIRGEN;INS ;DES;200
INCJNECA0161A;CAJA S/IMPR KRAFT CAFÉ 400X160X170 17CA 577CKA    ;INS ;644;5.420
INCJNECA0165 ;CAJA NEUTRA 330X330X165 C.VIRGEN CAFE(165)LEBOMAR ;INS ;LYA;1.811
INCJNECA0200K;CAJA S/IMPR CAFE 200X200X120 C.14 (200K) VIRGEN   ;INS ;LYA;813
INCJNECA0200K;CAJA S/IMPR CAFE 200X200X120 C.14 (200K) VIRGEN   ;INS ;640;2.448
INCJNECA0225 ;CAJA S/IMPR CAFÉ 225X135X120 C.12 adexus (25mts)  ;INS ;LYA;1.199
INCJNECA02252;CAJA S/IMPR 225X190X120 CARTON CAFÉ 12 REC TRANS60;INS ;LYA;6.720
INCJNECA02252;CAJA S/IMPR 225X190X120 CARTON CAFÉ 12 REC TRANS60;INS ;644;3.250
INCJNECA0230 ;CAJA  S/IMPR  CAFÉ 230X230X120 C.12  (230) RECICL ;INS ;643;8.115
INCJNECA0230 ;CAJA  S/IMPR  CAFÉ 230X230X120 C.12  (230) RECICL ;INS ;LYA;875
INCJNECA0250 ;CAJA  S/IMPR  CAFÉ 310X250X120 C.12  (250) RECICL ;INS ;LYA;46
INCJNECA0280 ;CAJA  S/IMPR KRAFT CAFÉ 280X280X230 17CA 577CKA   ;INS ;LYA;925
INCJNECA0280 ;CAJA  S/IMPR KRAFT CAFÉ 280X280X230 17CA 577CKA   ;INS ;643;1.470
INCJNECA0296 ;CAJA NEUTRA 390X290X260 C.CAFE 296                ;INS ;LYA;110
INCJNECA0302 ;CAJA S/IMPR CAFÉ 300X300X120 C.12 VIRGEN LEBOMAR  ;INS ;LYA;100
INCJNECA0303 ;CAJA S/IMPR KRAFT CAFÉ 300X300X120 17CA 577CKA    ;INS ;LYA;428
INCJNECA0320A;CAJA  S/IMPR  CAFÉ 320X320X120 C.17 (320) RECICL  ;INS ;LYA;425
INCJNECA0330A;CAJA S/IMPRESIÓN CAFÉ 330X330X165 C12 RECICLADO   ;INS ;LYA;91
INCJNECA0330A;CAJA S/IMPRESIÓN CAFÉ 330X330X165 C12 RECICLADO   ;INS ;640;975
INCJNECA0335K;CAJA S/IMPR CAFE 335X310X170 460CKA-12CA          ;INS ;640;1.109
INCJNECA0335K;CAJA S/IMPR CAFE 335X310X170 460CKA-12CA          ;INS ;LYA;214
INCJNECA0365 ;CAJA S/IMPR CAFE 365X185X120 C.14 C14VIRGEN EXP56X;INS ;LYA;3.575
INCJNECA0365 ;CAJA S/IMPR CAFE 365X185X120 C.14 C14VIRGEN EXP56X;INS ;643;3.050
INCJNECA0370A;CAJA  S/IMPR KRAFT CAFÉ 370X370X165 17CA 577CKA   ;INS ;644;3.191
INCJNECA0371 ;CAJA S/IMPR CAFE 370X370X155 C.14CA 460CKA VIRGEN ;INS ;640;1.200
INCJNECA0371 ;CAJA S/IMPR CAFE 370X370X155 C.14CA 460CKA VIRGEN ;INS ;LYA;22
INCJNECA0430 ;CAJA  S/IMPR  CAFÉ 430X220X160 C.14  (430) VIRGEN ;INS ;LYA;181
INCJNECA0430A;CAJA  S/IMPR KRAFT CAFÉ 430X220X160 17CA 577CKA   ;INS ;640;3.240
INCJNECA0470C;CAJA S/IMPRESION 470X240X165 C.12 VIRGEN (470C)   ;INS ;643;2.400
INCJNECA0470C;CAJA S/IMPRESION 470X240X165 C.12 VIRGEN (470C)   ;INS ;LYA;229
INCJNECA18001;CAJA  S/IMPR  CAFÉ 180X180X216 C.14 HABITAT VIRGEN;INS ;LYA;308
INCJNECA18001;CAJA  S/IMPR  CAFÉ 180X180X216 C.14 HABITAT VIRGEN;INS ;644;5.658
INCJNECA18002;CAJA S/IMPR CAFE 180X180X120 C.14 VIRGEN          ;INS ;LYA;1.880
INCJNECA18003;CAJA S/IMPR KRAFT CAFE 180X180X120 17CA 577CKA    ;INS ;LYA;1.864
INCJNECA18003;CAJA S/IMPR KRAFT CAFE 180X180X120 17CA 577CKA    ;INS ;644;4.500
INCJNECA21501;CAJA  S/IMPR  CAFÉ 215X166X230 C.12  (275) RECICL ;INS ;644;3.260
INCJNECA21501;CAJA  S/IMPR  CAFÉ 215X166X230 C.12  (275) RECICL ;INS ;LYA;402
INCJNECA26002;CAJA  S/IMPR  CAFÉ 260X260X120 C12 VIRGEN (603)   ;INS ;LYA;25
INCJNECA28006;CAJA  S/IMPR  CAFÉ 280X280X230 C.14  (588) VIRGEN ;INS ;LYA;27
INCJNECA29023;CAJA  S/IMPR  CAFÉ 290X290X245 C.14  (597) VIRGEN ;INS ;LYA;344
INCJNECA29023;CAJA  S/IMPR  CAFÉ 290X290X245 C.14  (597) VIRGEN ;INS ;643;7.600
INCJNECA29024;CAJA S/IMPR CAFÉ 290X230X243 VIRGEN               ;INS ;LYA;165
INCJNECA2906 ;CAJA S/IMPR CAFE 290X250X210 C.12 RECICLADO       ;INS ;LYA;118
INCJNECA2906 ;CAJA S/IMPR CAFE 290X250X210 C.12 RECICLADO       ;INS ;643;600
INCJNECA30500;CAJA  S/IMPR  CAFÉ 305X230X170 C.14  () VIRGEN    ;INS ;640;2.519
INCJNECA30500;CAJA  S/IMPR  CAFÉ 305X230X170 C.14  () VIRGEN    ;INS ;LYA;515
INCJNECA33503;CAJA  S/IMPR KRAFT CAFE 355X355X165 17CA 577CKA   ;INS ;640;48
INCJNECA33503;CAJA  S/IMPR KRAFT CAFE 355X355X165 17CA 577CKA   ;INS ;644;9.948
INCJNECA35504;CAJA  S/IMPR KRAFT CAFE 355X145X85 17CA 577CKA    ;INS ;643;3.002
INCJNECA35504;CAJA  S/IMPR KRAFT CAFE 355X145X85 17CA 577CKA    ;INS ;LYA;362
INCJNECA35505;CAJA  S/IMPR KRAFT CAFE 355X355X85 17CA 577CKA    ;INS ;LYA;323
INCJNECA35505;CAJA  S/IMPR KRAFT CAFE 355X355X85 17CA 577CKA    ;INS ;643;1.244
INCJNECA37005;CAJA S/IMP CAFE 370X150X245 C.12 CAFÉ 30 UN C/VERD;INS ;644;3.318
INCJNECA37005;CAJA S/IMP CAFE 370X150X245 C.12 CAFÉ 30 UN C/VERD;INS ;640;194
INCJNECA37006;CAJA S/IMP CAFE 370X150X170 C.12 CAFÉ             ;INS ;644;10.299
INCJNECA37006;CAJA S/IMP CAFE 370X150X170 C.12 CAFÉ             ;INS ;LYA;820
INCJNECA3700E;CAJA S/IMPR KRAFT CAFE 370X295X243 17CA 577CKA    ;INS ;644;3.155
INCJNECA3700N;CAJA S/IMPRESION CAFE 370X295X243 C. VIRGEN (48N) ;INS ;644;3.622
INCJNECA3700N;CAJA S/IMPRESION CAFE 370X295X243 C. VIRGEN (48N) ;INS ;LYA;373
INCJNECA37015;CAJA S/IMP CAFE 370X370X150 C.12 RECICLADO        ;INS ;LYA;27
INCJNECA38514;CAJA  S/IMPR  CAFÉ 385X385X230 C.14  (599) VIRGEN ;INS ;LYA;202
INCJNECA38514;CAJA  S/IMPR  CAFÉ 385X385X230 C.14  (599) VIRGEN ;INS ;640;2.925
INCJNECA3930N;CAJA SIN IMPR CAFÉ 393X315X245 C14 VIRGEN (266N)  ;INS ;640;3.950
INCJNECA3930N;CAJA SIN IMPR CAFÉ 393X315X245 C14 VIRGEN (266N)  ;INS ;644;4.540
INCJNECA3930N;CAJA SIN IMPR CAFÉ 393X315X245 C14 VIRGEN (266N)  ;INS ;LYA;62
INCJNECA40001;CAJA  S/IMPR  CAFÉ 400X160X170 C.12  (160) RECICL ;INS ;LYA;346
INCJNECA40001;CAJA  S/IMPR  CAFÉ 400X160X170 C.12  (160) RECICL ;INS ;644;9.240
INCJNECA40005;CAJA  S/IMPR KRAFT CAFÉ 400X400X165 17CA 577CKA   ;INS ;643;1.125
INCJNECA41001;CAJA  S/IMPR  CAFÉ 410X410X165 C.12 RECICLADO     ;INS ;644;2.137
INCJNECA41001;CAJA  S/IMPR  CAFÉ 410X410X165 C.12 RECICLADO     ;INS ;LYA;86
INCJNECA41002;CAJA  S/IMPR KRAFT CAFÉ 410X410X165 17CA 577CKA   ;INS ;644;5.269
INCJNECA41002;CAJA  S/IMPR KRAFT CAFÉ 410X410X165 17CA 577CKA   ;INS ;643;1.665
INCJNECA43003;CAJA S/IMP CAFE 430X175X170 C.12 RECICLADO        ;INS ;LYA;1.996
INCJNECA54003;CAJA S/IMP P/BOLSA 540X420X240 C.14 VIRGEN BATA300;INS ;LYA;256
INCJNECA54003;CAJA S/IMP P/BOLSA 540X420X240 C.14 VIRGEN BATA300;INS ;644;2.312
INCJNECA54003;CAJA S/IMP P/BOLSA 540X420X240 C.14 VIRGEN BATA300;INS ;640;388
INCJNECA54042;CAJA S/IMP CAFE 540X420X250 915CKA BISTRO         ;INS ;640;400
INCJNECA54042;CAJA S/IMP CAFE 540X420X250 915CKA BISTRO         ;INS ;LYA;717
INCJNECA64002;CAJA S/IMP CAFE 620X460X240 915KA TARGET          ;INS ;LYA;1.993
INCJPLBL10002;CAJA  S/IMPR  100X100X620 PLOTTER (591) 14C CAFE  ;INS ;LYA;443
INCJPLBL16001;CAJA  S/IMPR 160X160X920 PLOTTER () 14C CAFE      ;INS ;643;382
INCJPLBL16501;CAJA  S/IMPR 160X160X620 PLOTTER () 14C CAFE      ;INS ;643;223
INCJPLBL16501;CAJA  S/IMPR 160X160X620 PLOTTER () 14C CAFE      ;INS ;LYA;312
INCJPRBL29010;CAJA* PRISA BLCA 290X250X135 C.12 GENERICA TRIPL  ;INS ;LYA;636
INCJPRBL29011;CAJA PRISA BLCA 290X250X180 C.12 GENERICA ORIG/DUP;INS ;LYA;1.666
INPLAS037013A;BUJE PLASTICO 37 X 13 X 17                        ;INS ;LYA;9.000
INPLAS044013A;BUJE PLASTICO 44 X 13 X 17                        ;INS ;LYA;119.800
INPLAS0560135;BUJE PLASTICO 56 X 13,5 X1,25 TURELLI             ;INS ;644;294.000
INPLAS057013A;BUJE PLASTICO 57 X 13                             ;INS ;LYA;11.000
INPLAS0580135;BUJE PLASTICO 58 X 13,5 X1,25 TURELLI             ;INS ;644;24.000
INPLAS0790135;BUJE PLASTICO 79 X 13,5 X1,25 TURELLI             ;INS ;644;1.411.000
INPLAS0790135;BUJE PLASTICO 79 X 13,5 X1,25 TURELLI             ;INS ;LYA;12.800
INPLAST034017;BUJE PLASTICO 34 X 17.5                           ;INS ;LYA;200
INPLAST040013;BUJE PLASTICO 40 X 13                             ;INS ;LYA;1.700
INPLAST057025;BUJE PLASTICO 57 X 25.4                           ;INS ;LYA;21.462
INPLAST075017;BUJE PLASTICO 75 X 17.5                           ;INS ;LYA;200
INPLAST105025;BUJE PLASTICO 105 X 25.4 X 32                     ;INS ;LYA;3.000
INPLAST107013;BUJE PLASTICO 107.5 X 13                          ;INS ;LYA;1.980
INPLAST107025;BUJE PLASTICO 107.5 X 25.4                        ;INS ;LYA;9.276
INPLAST112025;BUJE PLASTICO 112 X 25.4                          ;INS ;LYA;1.234
INTM050      ;TAPA PARA TUBO DE 50MM                            ;INS ;LYA;2.816
INTM076      ;"TAPA PARA TUBO 3""                                 ";INS ;LYA;1.606
MPACB0E460BLN;PAPEL AUTOCOPIATIVO CB 460 X 56GR BLCO            ;MP  ;LYA;477
MPACB0E481BLN;PAPEL AUTOCOPIATIVO CB 480 X 56GR BLCO            ;MP  ;LYA;1.692
MPACB0E481BLN;PAPEL AUTOCOPIATIVO CB 480 X 56GR BLCO            ;MP  ;644;6.768
MPACB0E910BLN;PAPEL AUTOCOPIATIVO CB 910 X 56GR BLCO            ;MP  ;643;7.490
MPACB0E910BLN;PAPEL AUTOCOPIATIVO CB 910 X 56GR BLCO            ;MP  ;LYA;479
MPACF0E330BLN;PAPEL AUTOCOPIATIVO CF 330 X 57GR BLCO            ;MP  ;643;812
MPACF0E381BLN;PAPEL AUTOCOPIATIVO CF 381 X 57GR BLCO            ;MP  ;LYA;112
MPACF0E460RON;PAPEL AUTOCOPIATIVO CF 460 X57GR ROSADO           ;MP  ;LYA;1.080
MPACF0E460RON;PAPEL AUTOCOPIATIVO CF 460 X57GR ROSADO           ;MP  ;643;1.550
MPACF0E481BLN;PAPEL AUTOCOPIATIVO CF 480 X 57GR BLCO            ;MP  ;644;6.888
MPACF0E481BLN;PAPEL AUTOCOPIATIVO CF 480 X 57GR BLCO            ;MP  ;LYA;1.722
MPACF0E481CEN;PAPEL AUTOCOPIATIVO CF 481 X 57GR CELESTE         ;MP  ;643;825
MPACF0E481GON;PAPEL AUTOCOPIATIVO CF 481 X 57GR GOLD            ;MP  ;LYA;739
MPACF0E910AMN;PAPEL AUTOCOPIATIVO CF 910 X 57GR AMARILLO        ;MP  ;LYA;490
MPACF0E910AMN;PAPEL AUTOCOPIATIVO CF 910 X 57GR AMARILLO        ;MP  ;643;3.270
MPACF0E910AMN;PAPEL AUTOCOPIATIVO CF 910 X 57GR AMARILLO        ;MP  ;644;6.540
MPACFB0E241BN;PAPEL AUTOCOPIATIVO CFB 241 X 53GR BLCO           ;MP  ;LYA;288
MPACFB0E460RN;PAPEL AUTOCOPIATIVO CFB 460 X 55GR ROSADO         ;MP  ;LYA;264
MPACFB0E460RN;PAPEL AUTOCOPIATIVO CFB 460 X 55GR ROSADO         ;MP  ;643;4.585
MPACFB0E481BN;PAPEL AUTOCOPIATIVO CFB 480 X 53GR BLCO           ;MP  ;640;5.340
MPACFB0E481RN;PAPEL AUTOCOPIATIVO CFB 481 X 53GR ROSADO         ;MP  ;643;4.060
MPACFB0i460BN;PAPEL AUTOCOPIATIVO CFB 460 X53GR BLCO            ;MP  ;643;4.096
MPACFB0i460BN;PAPEL AUTOCOPIATIVO CFB 460 X53GR BLCO            ;MP  ;LYA;1.024
MPBO0K1066   ;PAPEL BOND 1066 X 80GR BLCO                       ;MP  ;LYA;1.780
MPBOE0800    ;PAPEL BOND 800 X 56GR BLCO                        ;MP  ;CAL;937
MPBOF1100B   ;PAPEL BOND 1100 X 60GR BLCO                       ;MP  ;LYA;4.531
MPBOG0381    ;PAPEL BOND 381 X 63GR BLCO                        ;MP  ;LYA;487
MPBOI0770    ;PAPEL BOND 770 X 70GR BLCO                        ;MP  ;LYA;769
MPBOJ0445    ;PAPEL BOND 445 X 75GR BLCO                        ;MP  ;LYA;9.083
MPBOJ0620    ;PAPEL BOND 620 X 75GR BLCO                        ;MP  ;LYA;1.118
MPBOJ0620B   ;PAPEL BOND 620 X 75GR BLCO FSC MIX CREDIT         ;MP  ;640;15.723
MPBOJ0920    ;PAPEL BOND 920 X 75GR BLCO                        ;MP  ;LYA;21.492
MPBOK1100    ;PAPEL BOND 1100 X 75GR BLCO                       ;MP  ;LYA;454
MPBON0920    ;PAPEL BOND 920 X 180GR BLCO                       ;MP  ;LYA;4.087
MPBOO0243    ;PAPEL BOND 243 X 140GR BLCO                       ;MP  ;LYA;303
MPBOO0483    ;PAPEL BOND 483 X 142GR BLCO                       ;MP  ;LYA;272
MPBOO0483    ;PAPEL BOND 483 X 142GR BLCO                       ;MP  ;640;14.976
MPBOPL066088 ;PAPEL BOND 660X880 MM 75GRS PLIEGO                ;MP  ;LYA;92
MPKBFK0100B  ;PAPEL KRAFT BLANCO 100 X 90GR RODELA              ;MP  ;LYA;1.403
MPKBFK0100B  ;PAPEL KRAFT BLANCO 100 X 90GR RODELA              ;MP  ;640;13.170
MPKBFK0160   ;PAPEL KRAFT BLANCO 160 X 100GRS RODELA            ;MP  ;LYA;1.366
MPKBFK0160A  ;PAPEL KRAFT BLANCO 160 X 110GRS RODELA            ;MP  ;644;5.103
MPKBFK0160B  ;PAPEL KRAFT BLANCO 160 X 90GR RODELA              ;MP  ;LYA;764
MPKBK00150   ;PAPEL KRAFT BLANCO 150 X 110GRS FSC MIX CREDIT    ;MP  ;643;5.160
MPKBK0110    ;PAPEL KRAFT BLANCO 110  X 100GR RODELA            ;MP  ;LYA;34
MPKBK0670B   ;PAPEL KRAFT BLANCO 670 X 90GRS FSC MIX CREDIT     ;MP  ;LYA;5.042
MPKBK0670B   ;PAPEL KRAFT BLANCO 670 X 90GRS FSC MIX CREDIT     ;MP  ;643;25.003
MPKBK0670B   ;PAPEL KRAFT BLANCO 670 X 90GRS FSC MIX CREDIT     ;MP  ;644;21.317
MPKBK0670B6  ;"PAPEL KRAFT BLANCO 670 X 90GRS FSC MIX CORE 6""    ";MP  ;LYA;668
MPKBK0671110 ;PAPEL KRAFT BLANCO 671 X 110GRS                   ;MP  ;LYA;612
MPKBK0870C   ;PAPEL KRAFT BLANCO 870 X 90GRS FSC MIX CREDIT     ;MP  ;LYA;4.056
MPKBK0870C   ;PAPEL KRAFT BLANCO 870 X 90GRS FSC MIX CREDIT     ;MP  ;643;33.473
MPKBK0870C   ;PAPEL KRAFT BLANCO 870 X 90GRS FSC MIX CREDIT     ;MP  ;640;203.516
MPKBK0870C6  ;"PAPEL KRAFT BLANCO 870 X 90GRS FSC MIX CORE 6""    ";MP  ;LYA;2.833
MPKBK1200    ;PAPEL KRAFT BLANCO 1200 X 90GR GREENBAG           ;MP  ;640;6.353
MPKBK1210B   ;PAPEL KRAFT BLANCO 1210 X 100GRS                  ;MP  ;LYA;716
MPKBK1210C   ;PAPEL KRAFT BLANCO 1210 X 90GRS FSC MIX CREDIT    ;MP  ;LYA;61.617
MPKBK1210C   ;PAPEL KRAFT BLANCO 1210 X 90GRS FSC MIX CREDIT    ;MP  ;640;18.557
MPKBK1210C   ;PAPEL KRAFT BLANCO 1210 X 90GRS FSC MIX CREDIT    ;MP  ;643;134.743
MPKBK1210C   ;PAPEL KRAFT BLANCO 1210 X 90GRS FSC MIX CREDIT    ;MP  ;644;38.222
MPKBK1210C6  ;"PAPEL KRAFT BLANCO 1210 X 90GRS FSC MIX CORE 6""   ";MP  ;LYA;68.469
MPKBK1250S   ;PAPEL KRAFT BLANCO 1250 X 105GRS FSC MIX CREDIT   ;MP  ;643;8.612
MPKBK1400Z   ;PAPEL KRAFT BLANCO 1400 X 115GRS FSC MIX CREDIT   ;MP  ;643;14.752
MPKRB0570C   ;PAPEL KRAF 570 X 35GR CAFE                        ;MP  ;LYA;310
MPKRE0080    ;PAPEL KRAFT RECICLADO 80 X 115GRS RODELA          ;MP  ;LYA;1.018
MPKRE0080C   ;PAPEL KRAFT RECICLADO 80 X 110GRS RODELA PARCHE   ;MP  ;640;2.232
MPKRE0090    ;PAPEL KRAFT RECICLADO 90 X 115GRS RODELA          ;MP  ;LYA;875
MPKRE0100B   ;PAPEL KRAFT RECICLADO 100 X 100GRS RODELA         ;MP  ;LYA;371
MPKRE0100C   ;PAPEL KRAFT RECICLADO 100 X 110GRS RODELA         ;MP  ;LYA;1.202
MPKRE0100C   ;PAPEL KRAFT RECICLADO 100 X 110GRS RODELA         ;MP  ;640;2.707
MPKRE0100D   ;PAPEL KRAFT RECICLADO 100 X 120GRS RODELA         ;MP  ;640;669
MPKRE0110A   ;PAPEL KRAFT RECICLADO 110 X 100GRS RODELA         ;MP  ;640;16.539
MPKRE0110A   ;PAPEL KRAFT RECICLADO 110 X 100GRS RODELA         ;MP  ;LYA;2.907
MPKRE0160    ;PAPEL KRAFT RECICLADO 160 X 100GRS RODELA         ;MP  ;LYA;2.106
MPKRE0160    ;PAPEL KRAFT RECICLADO 160 X 100GRS RODELA         ;MP  ;640;561
MPKRE0160    ;PAPEL KRAFT RECICLADO 160 X 100GRS RODELA         ;MP  ;644;6.930
MPKRE0670A   ;PAPEL KRAFT RECICLADO 670 X 100GRS FSC            ;MP  ;LYA;10.212
MPKRE0880    ;PAPEL KRAFT RECICLADO 880X100GRS FSC              ;MP  ;LYA;5.610
MPKRE0880    ;PAPEL KRAFT RECICLADO 880X100GRS FSC              ;MP  ;640;31.069
MPKRE0880D   ;PAPEL KRAFT RECICLADO 880 X 110GRS FSC 100%       ;MP  ;640;508
MPKRE0880D   ;PAPEL KRAFT RECICLADO 880 X 110GRS FSC 100%       ;MP  ;LYA;5.089
MPKRE0900A   ;PAPEL KRAFT RECICLADO 900 X 100GRS FSC            ;MP  ;LYA;1.028
MPKRE0900A   ;PAPEL KRAFT RECICLADO 900 X 100GRS FSC            ;MP  ;644;18.712
MPKRE0910A   ;PAPEL KRAFT RECICLADO 910 X 100GRS FSC MIX        ;MP  ;643;31.396
MPKRE0910A   ;PAPEL KRAFT RECICLADO 910 X 100GRS FSC MIX        ;MP  ;LYA;3.300
MPKRE0960A   ;PAPEL KRAFT RECICLADO 960 X 100GRS FSC 100%       ;MP  ;LYA;526.807
MPKRE0960A   ;PAPEL KRAFT RECICLADO 960 X 100GRS FSC 100%       ;MP  ;643;232.248
MPKRE0960A   ;PAPEL KRAFT RECICLADO 960 X 100GRS FSC 100%       ;MP  ;640;40.115
MPKRE0980B   ;PAPEL KRAFT RECICLADO 980 X 100GRS FSC            ;MP  ;640;1.780
MPKRE0980B   ;PAPEL KRAFT RECICLADO 980 X 100GRS FSC            ;MP  ;644;1.152
MPKRE0980C   ;PAPEL KRAFT RECICLADO 980 X 110GRS FSC 100%       ;MP  ;644;6.883
MPKRE0980C   ;PAPEL KRAFT RECICLADO 980 X 110GRS FSC 100%       ;MP  ;LYA;14.977
MPKRE1000B   ;PAPEL KRAFT RECICLADO 1000 X 100GRS FSC 100%      ;MP  ;LYA;1.006
MPKRE1000B   ;PAPEL KRAFT RECICLADO 1000 X 100GRS FSC 100%      ;MP  ;644;21.382
MPKRE1000C   ;PAPEL KRAFT 1000X115GRS FSC RECYCLED 100%         ;MP  ;LYA;21.323
MPKRE10501   ;PAPEL KRAFT RECICLADO 1050 X 100GRS FSC MIX       ;MP  ;LYA;1.434
MPKRE10501   ;PAPEL KRAFT RECICLADO 1050 X 100GRS FSC MIX       ;MP  ;640;2.361
MPKRE1100    ;PAPEL RECICLADO 1100 X 115GRS JASS DUO            ;MP  ;LYA;868
MPKRE1100F   ;PAPEL KRAFT RECICLADO 1100 X 110GR FSC            ;MP  ;LYA;6.266
MPKRE1100F   ;PAPEL KRAFT RECICLADO 1100 X 110GR FSC            ;MP  ;640;1.114
MPKRE12001   ;PAPEL KRAFT RECICLADO 1050 X 100GRS               ;MP  ;LYA;216
MPKRE12002   ;PAPEL KRAFT RECICLADO 1200 X 100GRS FSC MIX       ;MP  ;LYA;11.684
MPKRE12002   ;PAPEL KRAFT RECICLADO 1200 X 100GRS FSC MIX       ;MP  ;644;2.568
MPKRE1210F   ;PAPEL RECICLADO 1210 X 100GRS FSC 100% Y PEFC 100%;MP  ;LYA;26.065
MPKRE1250F   ;PAPEL KRAFT RECICLADO 1250 X 100GRS FSC           ;MP  ;LYA;13.732
MPKRE1250F   ;PAPEL KRAFT RECICLADO 1250 X 100GRS FSC           ;MP  ;640;94
MPKRE1250F1  ;PAPEL KRAFT RECICLADO 1250 X 110GRS FSC           ;MP  ;640;2.185
MPKRE1300B   ;PAPEL KRAFT RECICLADO 1300 X 110GR FSC            ;MP  ;640;226
MPKRE1300B   ;PAPEL KRAFT RECICLADO 1300 X 110GR FSC            ;MP  ;LYA;402
MPKRFK00802  ;PAPEL KRAFT 80 X 80GRS RODELA                     ;MP  ;LYA;2.140
MPKRFK00802  ;PAPEL KRAFT 80 X 80GRS RODELA                     ;MP  ;644;4.622
MPKRFK00802A ;PAPEL KRAFT 80 X 90GRS RODELA PARCHE              ;MP  ;640;630
MPKRFK01002  ;PAPEL KRAFT 100 MM X 90GRS RODELA                 ;MP  ;640;450
MPKRFK01005  ;PAPEL KRAFT 110 MM X 90GRS RODELA                 ;MP  ;640;515
MPKRFK0980B  ;PAPEL KRAFLAT 80GRS                               ;MP  ;640;24.323
MPKRFK0980B  ;PAPEL KRAFLAT 80GRS                               ;MP  ;643;12.091
MPKRFk0590090;PAPEL KRAFT 590 X 90GR CAFE FSC MIX CREDIT        ;MP  ;640;2.284
MPKRFk0590090;PAPEL KRAFT 590 X 90GR CAFE FSC MIX CREDIT        ;MP  ;LYA;2.368
MPKRFk0670090;PAPEL KRAFT 670 X 90GR CAFE FSC MIX CREDIT        ;MP  ;LYA;7.097
MPKRFk0670090;PAPEL KRAFT 670 X 90GR CAFE FSC MIX CREDIT        ;MP  ;640;3.387
MPKRFk0670100;PAPEL KRAFT 670 X 100GR CAFE FSC MIX CREDIT       ;MP  ;LYA;2.066
MPKRFk0670A  ;PAPEL KRAFT EUKALINER 670 X 90GR CAFE FSC MIX CRED;MP  ;LYA;1.689
MPKRFk0870090;PAPEL KRAFT 870 X 90GR CAFE FSC MIX CREDIT        ;MP  ;LYA;1.186
MPKRFk0870090;PAPEL KRAFT 870 X 90GR CAFE FSC MIX CREDIT        ;MP  ;640;842
MPKRFk0870090;PAPEL KRAFT 870 X 90GR CAFE FSC MIX CREDIT        ;MP  ;644;21.861
MPKRFk088090 ;PAPEL KRAFT 880 X 90GRS CAFÉ FSC MIX CREDIT       ;MP  ;LYA;376
MPKRFk0980090;PAPEL KRAFT 980 X 90GR CAFE FSC MIX CREDIT        ;MP  ;LYA;1.883
MPKRFk0980090;PAPEL KRAFT 980 X 90GR CAFE FSC MIX CREDIT        ;MP  ;644;28.157
MPKRFk0980R1 ;PAPEL KRAFT 980 X 100GRS Wet Strength 25%         ;MP  ;LYA;512
MPKRFk0980R2 ;PAPEL KRAFT 980 X 100GRS Wet Strength 28%         ;MP  ;LYA;537
MPKRFk1050A  ;PAPEL KRAFT 1050 X 100GRS CAFÉ FSC MIX CREDIT     ;MP  ;644;130.814
MPKRFk1050C  ;PAPEL KRAFT LINER 1050 X 100GRS                   ;MP  ;640;23.272
MPKRFk1050C  ;PAPEL KRAFT LINER 1050 X 100GRS                   ;MP  ;LYA;3.961
MPKRFk121090 ;PAPEL KRAFT 1210 X 90GR CAFE FSC MIX              ;MP  ;LYA;1.190
MPKRFk121090 ;PAPEL KRAFT 1210 X 90GR CAFE FSC MIX              ;MP  ;643;5.799
MPKRFk1250090;PAPEL KRAFT 1250 X 90GR CAFE FSC MIX CREDIT       ;MP  ;643;55.514
MPKRFk1250090;PAPEL KRAFT 1250 X 90GR CAFE FSC MIX CREDIT       ;MP  ;LYA;6.690
MPKRFk1310   ;PAPEL KRAFT 1310 X 100GRS CAFE                    ;MP  ;LYA;1.534
MPKRFk78090  ;PAPEL KRAFT 780 X 90GR CAFE FSC MIX CREDIT        ;MP  ;LYA;524
MPKRK0160    ;PAPEL KRAFT 160 X 100GRS RODELA                   ;MP  ;LYA;1.622
MPKRk140090  ;PAPEL KRAFT 1400 X 90GR CAFE FSC MIX CREDIT       ;MP  ;LYA;26.559
MPKRk140090  ;PAPEL KRAFT 1400 X 90GR CAFE FSC MIX CREDIT       ;MP  ;640;25.222
MPPAICB1395  ;"CAJA PAI CB 13 X 9.5"" 2040HJS                     ";MP  ;DES;4
MPSBMECO50   ;PAPEL SUBLIMACIÓN MATE ECO 50 1620 MM X 50GRS     ;MP  ;640;6.564
MPSBMECO50   ;PAPEL SUBLIMACIÓN MATE ECO 50 1620 MM X 50GRS     ;MP  ;LYA;1.155
MPSBMORIGIN80;PAPEL SUBLIMACIÓN MATE ORIGIN 80 1610 MM X 80GRS  ;MP  ;LYA;749
MPSBMTACKY85 ;PAPEL SUBLIMACIÓN MATE TACKY 85 1120 MM X 85GRS   ;MP  ;640;666
MPSBMTACKY85B;PAPEL SUBLIMACIÓN MATE TACKY 85 1620 MM X 85GRS   ;MP  ;LYA;777
MPTED0485BB  ;PAPEL TERMICO 485 X 55GR BLCO SIN BPA             ;MP  ;LYA;8.342
MPTED1123E   ;PAPEL TERMICO 1123 X 55GR BLCO SIN BPA            ;MP  ;LYA;27.057
MPTED1130BLU ;PAPEL TERMICO 1130 X 55GR BLCO TRANSC.BLUE        ;MP  ;LYA;2.589
MPTED1360    ;PAPEL TERMICO 1360 X 55GR BLCO SF                 ;MP  ;LYA;3.366
MPTED1360    ;PAPEL TERMICO 1360 X 55GR BLCO SF                 ;MP  ;643;33.660
MPTEI0400    ;PAPEL TERMICO 400 X 70GRS BLCO NTC EL SF TJ FSC   ;MP  ;LYA;311
MPTEI0405    ;PAPEL TERMICO 405 X 70GR BLCO NTC SFH JH          ;MP  ;LYA;241
MPTEJ0400B   ;PAPEL TERMICO 400 X 75GRS BLCO NTC SFH TJ         ;MP  ;LYA;255
MPTEJ0445F   ;PAPEL TERMICO 445 X 74GR BLCO AF FSC MIX CREDIT   ;MP  ;LYA;14.074
MPTEJ0720    ;PAPEL TERMICO 720 X 74GR EL                       ;MP  ;LYA;3.652
MPTEJ1123A   ;PAPEL TERMICO 1123 X74GR BLCO AF                  ;MP  ;LYA;436
MPTEJ1123A   ;PAPEL TERMICO 1123 X74GR BLCO AF                  ;MP  ;643;12.961
MPTEJ1123H   ;PAPEL TERMICO 1123 X 80GRS AF HS                  ;MP  ;LYA;5.028
MPTEJA0481H  ;PAPEL TERMICO 480 X 100GR BLCO NTC HS             ;MP  ;LYA;17.233
MPTER0240SF  ;PAPEL TERMICO 240 X 175GR BLCO SF HS              ;MP  ;LYA;85
MPTER2500    ;PAPEL TERMICO 250 X 167GR BLCO                    ;MP  ;LYA;732
MPTEX0405Q   ;PAPEL TERMICO 405 X 40GR BLCO EQ 3AÑOS            ;MP  ;LYA;11.651
MPTEX0485F   ;PAPEL TERMICO 485 X 44GR BLCO BPA FREE            ;MP  ;LYA;22.021
MPTEX1122AF  ;PAPEL TERMICO 1122 X 44GR BLCO AF                 ;MP  ;LYA;92.435
MPTEX1122AF  ;PAPEL TERMICO 1122 X 44GR BLCO AF                 ;MP  ;643;48.980
MPTEX1360    ;PAPEL TERMICO 1360 X 44GR BLCO AF                 ;MP  ;640;119.161
MPTEX1360    ;PAPEL TERMICO 1360 X 44GR BLCO AF                 ;MP  ;LYA;41.408
MPTEY0405    ;PAPEL TERMICO 405 X 48GR BLCO SIN BPA             ;MP  ;LYA;217
MPTEY0485C   ;PAPEL TERMICO 485 X 48GR BLCO SIN BPA             ;MP  ;LYA;6.985
MPTEY0800PF  ;PAPEL TERMICO 800 X 48GR BLCO PHENOL FREE         ;MP  ;LYA;46.152
MPTEY0960    ;PAPEL TERMICO 960 X 48GRS BLCO AF                 ;MP  ;643;14.807
MPTEY1042    ;PAPEL TERMICO 1042 X 48GRS BLCO AF                ;MP  ;643;6.106
MPTEY1122    ;PAPEL TERMICO 1122 X 48GR BLCO SIN BPA            ;MP  ;644;56.637
MPTEY1122    ;PAPEL TERMICO 1122 X 48GR BLCO SIN BPA            ;MP  ;LYA;39.195
MPTEY1123S   ;PAPEL TERMICO 1123 X 48GR BLCO SIN BPA HANSOL     ;MP  ;LYA;49.500
MPTEY1360    ;PAPEL TERMICO 1360 X 48GR BLCO AF                 ;MP  ;LYA;32.327
MPTEY1360    ;PAPEL TERMICO 1360 X 48GR BLCO AF                 ;MP  ;643;7.252
MPTEj0510    ;PAPEL TERMICO 510 X 90GR BLCO FA KOEHLER          ;MP  ;LYA;4.186
MPTOP0410074 ;PAPEL TERMICO 410 X 74GR TOP COATED FSC MIX CREDIT;MP  ;643;4.675
YNC001       ;DESCUENTO POR REBATE  (MATERIAS PRIMAS)           ;MP  ;DES;100
YNC006       ;DESCUENTO A MATERIAS PRIMAS                       ;MP  ;DES;1.096
